{
  "project_info": {
    "project_number": "332280734434",
    "firebase_url": "https://myhostel-4a553-default-rtdb.asia-southeast1.firebasedatabase.app",
    "project_id": "myhostel-4a553",
    "storage_bucket": "myhostel-4a553.appspot.com"
  },
  "client": [
    {
      "client_info": {
        "mobilesdk_app_id": "1:332280734434:android:55359d8c9704c795f0f4bb",
        "android_client_info": {
          "package_name": "com.example.myhostel"
        }
      },
      "oauth_client": [
        {
          "client_id": "332280734434-cr57pdflsr0rrqbc8ukcplr8evqeer7r.apps.googleusercontent.com",
          "client_type": 3
        }
      ],
      "api_key": [
        {
          "current_key": "AIzaSyB9yt5EMw8GjjVQvCO6QvLDDKpqX2Si26I"
        }
      ],
      "services": {
        "appinvite_service": {
          "other_platform_oauth_client": [
            {
              "client_id": "332280734434-cr57pdflsr0rrqbc8ukcplr8evqeer7r.apps.googleusercontent.com",
              "client_type": 3
            }
          ]
        }
      }
    }
  ],
  "configuration_version": "1"
}